SR. No,Title,Published_day,Published_date,Published_time,Views,Likes,Comments,Video_Duration
0,You Cant Inspire Others if You Are De-inspired #business #entrepreneur #health,Monday,2024-06-03,18:38:53,823,103,2,1Min 1Sec
1,How to Have ero Competition #business #entrepreneur #health,Thursday,2024-05-30,08:37:58,8171,465,8,25Sec
2,Exercise Yourself Into Your Healthiest You  #business #entrepreneur #health,Saturday,2024-05-25,07:42:09,7675,499,5,55Sec
3,Battleproof Elite Health to Win #business #entrepreneur #health,Wednesday,2024-05-15,06:11:38,4579,339,7,42Sec
4,Embrace theExtreme ResolveObsession of Super Successful Humans #business #entrepreneur,Tuesday,2024-05-07,05:46:56,6942,415,6,58Sec
5,Go Ghost for a Month #business #productivity #entrepreneur,Thursday,2024-05-02,06:14:56,10903,655,16,58Sec
6,We Live in a World Seduced by Easy #business #productivity #entrepreneur,Thursday,2024-04-11,06:32:41,7611,538,10,39Sec
7,Dont Identify With Your Financial Wealth #business #productivity #entrepreneur,Wednesday,2024-04-10,06:07:26,15224,683,23,36Sec
8,Gain a Gargantuan Competitive Advantage [GCA] Over the Competition | Robin Sharma,Monday,2024-04-08,11:16:02,15799,772,43,4Min 16Sec
9,A Spiritual Lesson to Help You Rise Above a Hard Time #business #productivity #entrepreneur,Wednesday,2024-04-03,08:12:50,9750,465,17,1Min 1Sec
10,The 8 Hidden Habits to Live Your Richest Life | Robin Sharma,Thursday,2024-03-28,19:30:28,21277,774,78,5Min 18Sec
11,One Powerful Method to Amplify Self-Love in 2024 #business #productivity #entrepreneur,Thursday,2024-03-28,07:52:10,6809,450,15,38Sec
12,The Kindest Person in the Room Wins #business #productivity #entrepreneur,Tuesday,2024-03-26,07:28:24,8110,541,9,58Sec
13,The Mindset of Leadership 2.0 #business #productivity #entrepreneur,Sunday,2024-03-24,22:44:02,6269,295,4,1Min 1Sec
14,Commit to Craft Mastery #business #productivity #entrepreneur,Saturday,2024-03-23,12:14:09,6626,541,11,53Sec
15,Your Calling Is Your Craft [And Your Duty Is to Uplift] #business #productivity #entrepreneur,Wednesday,2024-03-20,07:11:17,7010,424,13,53Sec
16,The Power of Your Daily Rituals to ActivateBrain Plasticity #business #productivity #entrepreneur,Sunday,2024-03-17,11:59:46,6076,457,7,43Sec
17,The Nelson Mandela Secret? #business #productivity #entrepreneur,Saturday,2024-03-16,09:33:46,8206,452,8,1Min 0Sec
18,The Real Work vs. Fake Work Distinction #business #productivity #entrepreneur,Thursday,2024-03-07,14:19:36,8065,609,14,1Min 0Sec
19,The Wealth Money Can't Buy - The 8 Hidden Habits to Live Your Richest Life,Sunday,2024-03-03,16:03:44,394272,592,45,3Min 16Sec
20,Rewire Your Self-Identity + Inhabit the Life Youve Always Wanted #business #productivity,Thursday,2024-02-29,07:29:18,9338,809,7,55Sec
21,How Shining Geniuses Stay Inspired #business #productivity #entrepreneur,Tuesday,2024-02-27,07:10:57,9033,583,15,58Sec
22,Release the Toxic People From Your Life to Accelerate Your Productivity #business #productivity,Saturday,2024-02-24,08:04:35,7667,648,26,59Sec
23,The #1 Method for Creators + Entrepreneurs to Enable Flow State #business #productivity,Tuesday,2024-02-20,22:15:27,6390,503,22,1Min 1Sec
24,Our Growth Is Built Around Our Discomfort [vs. Our Ease] #business #productivity #entrepreneur,Monday,2024-02-19,22:39:59,7370,542,11,55Sec
25,Embrace Early Morning Exercise #business #productivity #entrepreneur,Wednesday,2024-02-14,07:22:25,7279,597,9,45Sec
26,Rituals + Routines to Build Your Warrior Character #business #productivity #entrepreneur,Monday,2024-02-12,06:52:13,6645,500,7,1Min 1Sec
27,Success Without Soulfulness Is a Waste of Time #business #productivity #entrepreneur,Thursday,2024-02-08,06:54:16,6865,785,23,38Sec
28,Monumental Liders Under-Promise and Overdeliver #business #productivity #entrepreneur,Wednesday,2024-02-07,08:04:15,3307,281,8,46Sec
29,Are You Living Your Heroic Ambitions? #business #productivity #entrepreneur,Saturday,2024-02-03,11:48:03,4156,290,3,40Sec
30,Patience as an Elite Performance Accelerator? #business #productivity #entrepreneur,Friday,2024-02-02,09:03:03,4968,433,14,50Sec
31,Fears Unfaced Become Your Limitations #business #productivity #entrepreneur,Wednesday,2024-01-31,08:20:01,5100,373,4,33Sec
32,Do This to Take Your Power Back #business #productivity #entrepreneur,Monday,2024-01-29,14:31:50,7166,638,14,55Sec
33,Consistency Is the Mother of Mastery #business #productivity #entrepreneur,Friday,2024-01-26,07:16:18,7364,757,22,51Sec
34,Your Mindset Is Only 25% Of the Equation #business #productivity #entrepreneur,Tuesday,2024-01-23,07:45:40,4890,389,9,1Min 1Sec
35,Install the Hidden Habits of Deep Success | Robin Sharma,Thursday,2024-01-18,23:32:49,29886,994,100,6Min 40Sec
36,Are You Living Your Heroic Ambitions? #business #productivity #entrepreneur,Sunday,2024-01-14,09:45:04,5993,452,12,1Min 1Sec
37,Reinforce Your Top 10 Priorities for Your Greatest Year Yet #business #productivity #entrepreneur,Wednesday,2024-01-10,07:32:52,9323,751,35,56Sec
38,The Key to Deep Impact Leadership #business #productivity #entrepreneur,Friday,2024-01-05,15:03:17,4192,375,13,1Min 1Sec
39,My 2024 Wish to You #business #productivity #entrepreneur,Wednesday,2024-01-03,15:54:33,5844,519,24,52Sec
40,Employ the Vocabulary of Possibility #business #productivity #entrepreneur,Tuesday,2023-12-26,16:39:35,7150,542,11,47Sec
41,3 Ideas to Sustain Craft Mastery #business #productivity #entrepreneur,Monday,2023-12-25,12:22:45,3747,335,11,1Min 1Sec
42,The 5 Forces That Shape What You Become #business #productivity #entrepreneur,Tuesday,2023-12-19,13:10:28,5692,411,9,1Min 1Sec
43,Embrace Full-on Human Connection as Part of a Perfect Day #business #productivity #entrepreneur,Friday,2023-12-15,13:53:42,5524,418,8,50Sec
44,Hard Work Honors Your Genius #business #productivity #entrepreneur,Monday,2023-12-11,14:29:58,5320,537,19,53Sec
45,Silence as the New Status Symbol #business #productivity #entrepreneur,Saturday,2023-12-09,13:53:30,7096,784,22,55Sec
46,Dont Just Get Fit to Look Good - Get Strong to Lift the World #business #productivity #entrepreneur,Thursday,2023-12-07,14:32:45,5735,524,14,46Sec
47,Behave as the Person Youve Always Wanted to Be #business #productivity #entrepreneur,Tuesday,2023-12-05,14:06:46,4943,555,6,26Sec
48,The Quietest Secret of Billionaires | Robin Sharma,Tuesday,2023-12-05,11:20:28,38122,1510,72,3Min 54Sec
49,Relax More to Achieve More #business #productivity #entrepreneur,Saturday,2023-12-02,15:11:21,5464,501,6,27Sec
50,Fortune Favors the Relentless #business #productivity #entrepreneur,Friday,2023-12-01,16:20:38,4310,312,6,41Sec
51,The Real Work vs. Fake Work Distinction #business #productivity #entrepreneur,Tuesday,2023-11-28,14:10:16,4682,413,3,37Sec
52,You Cant Inspire Others if You Are De-inspired #business #productivity #entrepreneur,Sunday,2023-11-26,15:38:14,4513,366,7,1Min 1Sec
53,Self-Love Is Not a Weak Sport #leadership #business #productivity #entrepreneur,Wednesday,2023-11-22,15:09:58,7640,493,3,45Sec
54,Investing in Your Library Is Reaching for Your Promise #leadership #business #productivity #mindset,Tuesday,2023-11-21,14:25:10,5630,462,13,1Min 1Sec
55,The 3 Success Tactics of Supreme Producers #business #productivity #entrepreneur,Saturday,2023-11-18,15:25:38,7004,484,10,1Min 1Sec
56,Savour the Simple Pleasures in Life #business #productivity #entrepreneur,Friday,2023-11-17,14:12:10,4259,392,12,35Sec
57,Stop Being a Resentment Collector #business #productivity #entrepreneur,Tuesday,2023-11-14,14:00:12,4271,416,14,39Sec
58,Solitude as the New Status Symbol #leadership #business #productivity #entrepreneur,Wednesday,2023-11-08,14:25:16,8911,834,7,38Sec
59,The Obsession of Super-Successful Entrepreneurs #leadership #business #productivity #entrepreneur,Monday,2023-11-06,13:54:28,5173,454,8,45Sec
60,Transform Your Wounds into Wisdom #leadership #business #productivity #entrepreneur,Sunday,2023-11-05,14:41:08,5100,424,5,52Sec
61,The 66-Day Minimum Protocol to Wire In New Habits #leadership #business #productivity #entrepreneur,Saturday,2023-11-04,12:46:28,5234,472,5,1Min 0Sec
62,The Habit of Titans #leadership #business #productivity #entrepreneur,Friday,2023-11-03,13:40:14,3932,340,7,33Sec
63,Install the Two-Phone Solution #leadership #business #productivity #entrepreneur,Thursday,2023-11-02,13:42:44,5305,237,10,43Sec
64,Deep Impact Leadership Begins Within #leadership #business #productivity #entrepreneur,Wednesday,2023-11-01,12:28:03,4812,409,3,45Sec
65,Those who condemn you are locked in their limited beliefs and terrified of their own bigness.,Tuesday,2023-10-31,13:38:23,4212,345,15,49Sec
66,Exceptional People-Builders Lead Without a Title #leadership #business #productivity #entrepreneur,Monday,2023-10-30,15:52:50,5696,397,4,43Sec
67,Calibrating and polishing the tiniest of details is a necessity for mastery.,Saturday,2023-10-28,15:27:39,5174,309,5,58Sec
68,Deep Impact Leadership Begins Within #growth #motivation #confidence,Friday,2023-10-27,13:12:41,3445,327,4,45Sec
69,The Purpose of Life is the Life of Purpose. #leadership #business #productivity #mindset,Thursday,2023-10-26,13:02:56,4570,419,17,45Sec
70,Consistency Is the Mother of Mastery #leadership #business #productivity #entrepreneur,Wednesday,2023-10-25,12:54:44,5026,424,6,42Sec
71,The Key to Deep Power #leadership #business #productivity #entrepreneur,Tuesday,2023-10-24,12:34:30,4990,424,19,38Sec
72,DESTROY Distraction to x5 Your Productivity with these 3 GREAT Habits | Robin Sharma,Monday,2023-10-23,07:00:11,39840,2457,176,5Min 13Sec
73,Finally! The Title of My New Book,Sunday,2023-10-22,21:45:08,2491,175,18,46Sec
74,The KEY To Sustained Habit Installation #leadership #business #productivity,Thursday,2023-10-19,15:20:15,6947,547,7,32Sec
75,Nothing Happens Until You Start #leadership #business #productivity,Friday,2023-10-13,18:58:03,5747,551,8,46Sec
76,It's Wiser to Handcraft One Masterwork Than Release 1000 Mediocrities #leadership #business,Friday,2023-10-06,16:11:04,5696,465,7,41Sec
77,Use Your Past as a Platform for Greater Possibility #leadership #business #productivity,Tuesday,2023-10-03,20:05:59,2545,245,4,25Sec
78,The 3 UNUSUAL Tools Tycoons Use for Extreme Productivity Prosperity and Peacefulness | Robin Sharma,Tuesday,2023-10-03,07:00:10,18378,909,62,4Min 49Sec
79,Embrace Failure to x25 Your Success #leadership #business #productivity,Monday,2023-10-02,18:42:12,2151,232,8,26Sec
80,How YOU Can Install Excellent Habits Over the Next 66 Days #leadership  #business #productivity,Saturday,2023-09-30,22:49:46,3104,286,6,20Sec
81,How to Have ERO Competition? #leadership #business #productivity,Friday,2023-09-29,18:13:42,6619,531,5,24Sec
82,A Simple Insight on Learning [To Get You to Your Next Level] #leadership #business #productivity,Saturday,2023-09-23,20:15:09,5265,453,2,38Sec
83,Get to Know the Dark Side of Your Genius #leadership #business #productivity,Tuesday,2023-09-19,22:16:16,4467,453,9,55Sec
84,Inhabit the Secret Universe of the World's Great Creatives #leadership #business #productivity,Monday,2023-09-18,22:11:04,2980,206,1,53Sec
85,A Powerful Insight for Deep Impact Leadership #leadership #business #productivity,Friday,2023-09-15,18:36:55,4860,442,4,54Sec
86,Failure Is Fuel for Success [If You Choose So] #leadership #business #productivity,Tuesday,2023-09-12,16:48:46,4851,423,11,56Sec
87,Easy Tactics for Great Mornings #leadership #business #productivity,Sunday,2023-09-10,22:48:14,9816,774,21,34Sec
88,A Great Life Grows From an Authentic One #leadership #business #productivity,Saturday,2023-09-09,03:11:28,6302,423,6,34Sec
89,We Are Born Into Brilliance #leadership #business #productivity,Sunday,2023-09-03,23:25:30,4637,379,6,55Sec
90,Why It's Incredibly Wise to Keep a Journal #leadership #business #productivity,Thursday,2023-08-31,16:00:15,4918,471,7,58Sec
91,The 5 R's of Grandmaster Performance | Robin Sharma,Wednesday,2023-08-30,07:53:57,20624,833,75,6Min 3Sec
92,You Can Fit In With the Herd or You Can Change the World [You Dont Get To Do Both] #leadership,Tuesday,2023-08-29,18:43:51,5665,540,13,58Sec
93,The Key to Sustained Habit Installation? #leadership #business #productivity,Sunday,2023-08-27,22:03:37,3885,366,10,45Sec
94,You Can Fit In With the Herd or You Can Change the World [You Don't Get To Do Both] #leadership,Saturday,2023-08-26,16:40:53,4206,274,14,40Sec
95,*Productivity* As An Element of a Magnificent Life? #leadership #productivity #business,Friday,2023-08-25,15:36:40,3968,471,49,38Sec
96,Audit Your Associations to Amplify Your Success #leadership #productivity #business,Thursday,2023-08-24,15:02:30,3359,244,10,24Sec
97,How to Live Fully While You're Alive #leadership #productivity #business,Tuesday,2023-08-22,18:39:15,5737,408,10,42Sec
98,An Insight to Help You Reclaim Your Authentic Power #leadership #productivity #business,Monday,2023-08-21,17:45:50,2988,271,3,38Sec
99,Overcome the #1 Fear Holding You Back from True Leadership + Excellent Living | Robin Sharma,Monday,2023-08-21,06:09:23,15610,596,67,5Min 41Sec
100,5 Tactics to Boost Your Focus #leadership #productivity #business,Saturday,2023-08-19,18:49:44,5949,569,24,48Sec
101,A Method to Beat Digital Distraction #leadership #productivity #business,Friday,2023-08-18,17:59:18,4092,326,4,46Sec
102,Lead With Kindness #leadership #productivity #business,Thursday,2023-08-17,13:12:47,2190,178,4,15Sec
103,Defeat Digital Distraction + Activate Legendary Productivity #leadership #productivity #business,Monday,2023-08-14,18:00:04,5423,519,17,59Sec
104,Confusion Is Nothing More Than Your Growth Unfolding #leadership #productivity #business,Friday,2023-08-11,20:33:14,9602,891,20,59Sec
105,Nothing Happens Until You Start #leadership #productivity #business,Monday,2023-08-07,16:51:31,4047,384,10,31Sec
106,Embrace Failure to x25 Your Success #leadership #productivity #business,Monday,2023-08-07,00:02:03,2152,208,5,26Sec
107,The GREATEST Success Habit of Super Leaders | Robin Sharma,Sunday,2023-08-06,14:09:00,21603,1105,228,4Min 48Sec
108,The Micro-Wins Advantage of High-Impact Humans #leadership #productivity #business,Saturday,2023-08-05,21:33:10,2278,219,3,21Sec
109,How YOU Can Install Excellent Habits Over the Next 66 Days #leadership #productivity #business,Friday,2023-08-04,19:31:39,2779,251,6,20Sec
110,The Number #1 Way to Win? #leadership #productivity #business,Monday,2023-07-31,17:59:02,3500,282,12,23Sec
111,The Mindset of Leadership #leadership #productivity #business,Saturday,2023-07-29,21:49:18,4305,398,7,52Sec
112,How Superstars x5 Their Productivity Quickly  | Robin Sharma,Saturday,2023-07-29,08:05:22,25224,1153,134,9Min 2Sec
113,Balance Your Mindset and Heartset to 5x Your Power #leadership #productivity #business,Friday,2023-07-28,19:13:33,8795,565,6,47Sec
114,Reinforce Your Top Priorities #leadership #productivity #business,Thursday,2023-07-27,20:50:42,4473,441,7,44Sec
115,An Insight to Help You Reclaim Your Authentic Power #leadership #productivity #business,Wednesday,2023-07-26,16:04:13,4302,427,14,58Sec
116,The Twin Cycles of Elite Performance #leadership #productivity #business,Monday,2023-07-24,21:23:20,5040,478,11,38Sec
117,Recode Your Emotional Architecture for Fearlessness #leadership #productivity #business,Monday,2023-07-24,01:32:36,4329,260,3,39Sec
118,5 Things to Make Today Much Better #leadership #productivity #business,Saturday,2023-07-22,16:36:35,5537,418,11,26Sec
119,We Become Our Conversations #leadership #productivity #business,Friday,2023-07-21,17:01:15,4598,405,7,31Sec
120,See Rest As a Productivity Tool #leadership #productivity #business,Thursday,2023-07-20,17:42:52,2645,199,5,30Sec
121,Know Your Mighty Mission #leadership #productivity #business,Wednesday,2023-07-19,18:13:15,2891,220,5,43Sec
122,It's Never Been Easier to Dominate Your Domain #leadership #productivity #business,Tuesday,2023-07-18,17:08:10,3557,280,3,41Sec
123,The Neurobiology of Genius Explained [Simply] #leadership #productivity #business,Monday,2023-07-17,16:12:11,3156,281,6,52Sec
124,Avoid Attention Residue to Dial in Your Focus #leadership #productivity #business,Sunday,2023-07-16,19:26:51,5439,483,8,46Sec
125,Todays a Great Day to Behave as the Person Youve Always Wanted to Be #leadership #productivity,Saturday,2023-07-15,20:56:41,2878,279,5,24Sec
126,Jump Start Your Commitment Around Execution [Ideas Are Worthless] #leadership #productivity,Friday,2023-07-14,17:07:50,4799,404,3,49Sec
127,The Secret to Untouchable Inner Peace #leadership #productivity #business,Thursday,2023-07-13,18:12:40,2963,220,3,36Sec
128,Lean Into Your Fears #leadership #business #productivity,Monday,2023-07-10,15:09:18,2796,253,3,41Sec
129,One Question to Ask Yourself #leadership #business #productivity,Sunday,2023-07-09,16:31:40,4288,379,8,43Sec
130,Why You Need to Stop Comparing Yourself to Others [Today] #leadership #productivity #business,Friday,2023-07-07,13:11:50,8591,719,14,58Sec
131,How Genuine Heroes Measure Their Greatness #leadership #productivity #business,Wednesday,2023-07-05,16:10:27,2774,210,8,21Sec
132,The Myth of Hustle and Grind #leadership #productivity #business,Friday,2023-06-30,15:10:13,2809,210,4,58Sec
133,Effort Breeds Reward #leadership #productivity #business,Wednesday,2023-06-28,19:05:03,5510,450,12,44Sec
134,The Key to Leading a Super Productive Life #leadership #productivity #business,Sunday,2023-06-25,19:32:29,4070,349,12,53Sec
135,"Defy ""The Culture of Comparison"" and Run Your Own Race #leadership #productivity #business",Friday,2023-06-23,16:17:25,5384,406,6,56Sec
136,You Can Fit In With the Herd or You Can Change the World #leadership #productivity #business,Monday,2023-06-19,14:38:21,3566,291,7,40Sec
137,Genius is a Daily Lifestyle [Not a Natural Gift] #leadership #productivity #business,Monday,2023-06-19,08:51:17,2837,236,11,44Sec
138,Enable Absolute Personal Responsibility [APR] to Take Your Power Back #leadership #productivity,Wednesday,2023-06-14,14:51:11,5214,435,10,48Sec
139,Why It's Incredibly Wise to Keep a Journal #leadership #productivity #business,Tuesday,2023-06-13,15:29:39,4828,409,4,30Sec
140,Persistency as a Pathway to Legendary #leadership #productivity #business,Monday,2023-06-12,17:09:53,3198,309,12,1Min 0Sec
141,The Victim VS. Leader Mindset #leadership #productivity #business,Wednesday,2023-06-07,19:41:21,3346,293,8,37Sec
142,Amplify Your Energy To Enable Peak Performance #leadership #productivity #business,Saturday,2023-06-03,20:19:38,4599,358,5,24Sec
143,Action Delayed Is Greatness Betrayed #leadership #productivity #business,Friday,2023-06-02,17:42:03,2927,229,8,51Sec
144,The Easiest Way to Master a New Skill: Robin Sharma on Learning,Thursday,2023-06-01,05:00:09,25786,998,77,7Min 59Sec
145,You Can Fit In With the Herd or You Can Change the World #leadership #productivity #business,Tuesday,2023-05-30,15:34:06,5609,544,7,45Sec
146,The Micro-Wins Advantage for Greatness #leadership #productivity #business,Monday,2023-05-29,15:57:00,3278,262,3,52Sec
147,Embrace Discomfort to Unlock Your Greatest Life #leadership #productivity #business,Thursday,2023-05-25,20:57:24,2572,258,5,26Sec
148,Escalate Your Self-Love and Restructure Your Self-Identity #leadership #productivity #business,Monday,2023-05-22,14:28:15,4852,407,4,38Sec
149,"""The Always Apprentice Habit"" of All True Luminaries #leadership #productivity #business",Sunday,2023-05-21,17:16:32,2476,181,3,21Sec
150,The Micro-Wins Advantage of High-Impact Humans #leadership #productivity #business,Wednesday,2023-05-17,14:47:26,1985,213,1,21Sec
151,How YOU Can Install Excellent Habits Over the Next 66 Days #leadership #productivity #business,Tuesday,2023-05-16,15:17:33,3964,342,3,20Sec
152,Embrace Failure to x25 Your Success #leadership #productivity #business,Monday,2023-05-15,12:32:38,2305,236,7,26Sec
153,Lead With Kindness #leadership #productivity #business,Sunday,2023-05-14,20:25:40,2344,184,3,15Sec
154,Use Your Past as a Platform for Greater Possibility #leadership #productivity #business,Friday,2023-05-12,19:21:02,2528,207,10,25Sec
155,The Taylor Swift Super Positivity Tool |  x25 Your Focus,Thursday,2023-05-11,16:13:39,28064,1332,75,7Min 3Sec
156,We Are Born Into Brilliance #leadership #productivity #business,Tuesday,2023-05-09,15:57:59,3057,180,1,46Sec
157,5 Hidden Habits to Transform Your Life | Robin Sharma,Friday,2023-04-21,14:48:05,196236,3394,168,15Min 50Sec
158,The Micro-Wins Advantage of High-Impact Humans #leadership #productivity #service,Sunday,2023-04-02,11:55:37,4915,426,4,21Sec
159,Connect to the Shortness of Life [to Transcend Your Limits] #leadership #productivity #service,Wednesday,2023-03-22,14:14:33,5405,309,2,1Min 0Sec
160,Release Only Magic [for a World-Class Company] #leadership #productivity #service,Tuesday,2023-03-21,17:58:00,5011,324,4,37Sec
161,Outer Success Without Spiritual Triumph Is an Empty Win #leadership #productivity #service,Sunday,2023-03-19,17:22:45,3077,225,5,45Sec
162,Criticism Is the Price Brave People Pay to Arrive at Iconic #leadership #productivity #service,Sunday,2023-03-19,13:34:57,2485,176,6,36Sec
163,Rise Above Trolls #leadership #productivity #service,Friday,2023-03-17,17:56:18,3130,260,5,53Sec
164,Take Your Power Back #leadership #productivity #service,Friday,2023-03-17,13:27:38,2809,243,2,39Sec
165,Develop Ferocious Focus #leadership #productivity #service,Thursday,2023-03-16,13:30:06,3660,368,8,53Sec
166,Purify Your Heartset To Maximie Your Power #leadership #productivity #service,Wednesday,2023-03-15,14:54:03,2567,164,3,34Sec
167,Commune With the Great Masters to x25 Your Creativity #leadership #productivity #service,Tuesday,2023-03-14,16:47:49,2174,143,1,34Sec
168,You'll Never Go Higher Than Your Self-Identity #leadership #productivity #service,Monday,2023-03-13,12:52:34,4116,360,7,44Sec
169,It's Wiser to Craft 1 Masterwork Than Release 1000 Mediocrities #leadership #productivity #service,Sunday,2023-03-12,23:17:16,3205,193,6,38Sec
170,"Be a ""Perfect Moment-Creator"" for Your Family #leadership #productivity #service",Sunday,2023-03-12,16:01:54,3652,259,2,31Sec
171,Do THIS to Boost Your Cognitive Bandwidth #leadership #productivity #service,Saturday,2023-03-11,16:54:07,6296,550,6,1Min 0Sec
172,Micro-Wins To Become The Best Version Of Yourself #leadership #productivity #service,Wednesday,2023-03-08,11:29:20,3613,285,6,56Sec
173,You Cant Inspire Others Until You Get Inspired #leadership #productivity #service,Tuesday,2023-03-07,19:34:50,2777,201,2,46Sec
174,The Victim VS. Leader Mindset #leadership #productivity #service,Friday,2023-03-03,10:15:26,4509,420,5,59Sec
175,Every Person Who Has Shown Up In Your Life Arrived to Help You Become the Person You Now Are,Friday,2023-02-10,21:29:09,8252,619,12,38Sec
176,How Keeping a Journal Can Save and Change Your Life #leadership #productivity #service,Tuesday,2023-01-10,11:31:26,12401,1043,12,30Sec
177,Suffering Is a Blessing in Wolfs Clothing #leadership #productivity #service,Wednesday,2022-12-14,21:56:17,9337,718,11,38Sec
178,Life Lessons From The Worlds TOP Performers [special video] | Robin Sharma,Monday,2022-12-05,19:27:39,43792,1432,60,4Min 57Sec
179,How to Become One of the Rare-Air Few #leadership #productivity #service,Friday,2022-12-02,18:33:16,7417,520,10,49Sec
180,The 5 R Model to Make You Stronger #leadership #productivity #service,Thursday,2022-12-01,15:56:38,12108,556,28,1Min 30Sec
181,Know YourGenius Point#leadership #productivity #service,Wednesday,2022-11-30,20:33:32,6416,449,8,44Sec
182,The CAN'T Versus CAN Mindset #leadership #productivity #service,Wednesday,2022-11-23,19:52:36,7728,639,6,36Sec
183,Lead With Kindness | Robin Sharma,Thursday,2022-11-17,14:34:44,11813,561,43,2Min 52Sec
184,To Lead Is to Serve #leadership #productivity #service,Tuesday,2022-11-15,19:28:38,5280,277,1,31Sec
185,Go Deep [In a World That Reveres Superficiality] #leadership #productivity #service,Monday,2022-11-14,18:31:44,6061,461,1,57Sec
186,Morning Excercise Is a Game-Changer #leadership #productivity #service,Sunday,2022-11-13,23:27:20,11114,949,7,51Sec
187,The Key to Sustained Habit Installation? #leadership #productivity #service,Thursday,2022-11-03,12:09:41,8803,676,6,45Sec
188,Turn Failure Into Fortune #leadership #productivity #service,Saturday,2022-10-15,13:48:15,4189,376,21,47Sec
189,Do This to Avoid Life Regrets #leadership #productivity #service,Friday,2022-10-14,09:29:11,9065,797,9,49Sec
190,Persistency as a Pathway to Legendary #leadership #productivity #service,Wednesday,2022-10-12,16:22:28,9107,1003,14,59Sec
191,How to Banish Fear #leadership #productivity #service,Tuesday,2022-10-11,17:36:34,5877,487,12,58Sec
192,Encode the Leader Without a Title Mindset #leadership #productivity #service,Monday,2022-10-10,16:59:26,5420,401,3,36Sec
193,Connect With Your Mortality To Lead Your Highest Life #leadership #productivity #service,Friday,2022-10-07,13:27:40,4361,330,5,56Sec
194,1 Question to Ask Yourself #leadership #productivity #service,Monday,2022-10-03,12:37:58,5404,450,6,45Sec
195,Reclaim Your Authentic Power to Fireproof Your Strength #leadership #productivity #service,Saturday,2022-10-01,15:36:52,5515,469,7,40Sec
196,How Titans of Industry Beat Irrelevance #leadership #productivity #service,Friday,2022-09-30,18:28:00,5709,424,7,1Min 0Sec
197,How Detox Your Ecosystem + Release the Critics #leadership #productivity #service,Tuesday,2022-09-06,17:46:43,9580,910,11,47Sec
198,Isolate Yourself to Fireproof Your Productivity#leadership #productivity #service,Thursday,2022-09-01,09:58:03,10241,1114,24,58Sec
199,A Potent Insight on Total Craft Mastery #leadership #productivity #service,Sunday,2022-08-28,18:55:09,7489,672,5,55Sec
200,The Little-Known Success Formula of the Sports Superstars #leadership #productivity #service,Saturday,2022-08-27,20:47:31,8904,654,6,57Sec
201,Persistency as a Pathway to Legendary #leadership #productivity #service,Wednesday,2022-08-24,18:09:15,6340,599,16,59Sec
202,How to Understand People Who Have Hurt You #leadership #productivity #service,Tuesday,2022-08-23,06:33:21,9148,896,16,53Sec
203,Started my new book today! Heres my writing process.,Thursday,2022-08-11,17:25:05,7846,545,23,58Sec
204,How To Transform a Bad Day Into a Great One #leadership #productivity #service,Saturday,2022-07-30,18:51:37,25453,1061,39,49Sec
205,The Mindset Of Leadership#leadership #productivity #service,Wednesday,2022-07-27,08:12:54,10438,931,17,54Sec
206,Encode the Daily Nature Walk Protocol #leadership #productivity #service,Monday,2022-07-25,09:45:02,5316,423,10,43Sec
207,Listen Deeply to x5 All Of Your Relationships #leadership #productivity #service,Thursday,2022-07-14,00:25:53,8682,662,9,32Sec
208,How to Reclaim Your Primal Genius #leadership #productivity #service,Sunday,2022-07-10,14:08:57,9437,792,15,59Sec
209,Get Comfortable Being Uncomfortable #leadership #productivity #service,Saturday,2022-07-09,17:06:10,8579,755,3,50Sec
210,1 TOP [AND UNUSUAL] HABIT FOR WINNING #leadership #productivity #service,Friday,2022-07-08,14:09:31,9391,898,13,55Sec
211,Build Your Relationship with Your Finest Self to x100 Your Impact #leadership #productivity #service,Monday,2022-07-04,15:24:03,8690,753,8,56Sec
212,Stop Being a Prisoner of Your Own Past #leadership #productivity #service,Saturday,2022-07-02,17:03:49,11087,1050,25,56Sec
213,How Visionaries Produce Iconic Results #leadership #productivity #service,Thursday,2022-06-30,16:12:08,6937,589,15,41Sec
214,One Thing I Wish I Knew When I Was 20 Years Old #leadership #productivity #service,Wednesday,2022-06-29,00:03:35,7478,619,3,51Sec
215,Fear Becomes Faith [Once You Walk Into It] #leadership #productivity #service,Monday,2022-06-27,00:19:28,6869,635,6,57Sec
216,Emotional Healing to 5X Your Mastery #leadership #productivity #service,Saturday,2022-06-25,13:14:27,7601,561,12,38Sec
217,How Unresolved Trauma Can Affect Your Whole Life #leadership #productivity #service,Wednesday,2022-06-22,13:28:51,7178,588,13,44Sec
218,How Keeping a Journal Can Change and Save Your Life,Friday,2022-06-17,12:59:11,21619,1895,22,57Sec
219,How to Build a Legendary Life | #leadership #productivity #service,Wednesday,2022-06-15,15:50:55,6924,468,14,35Sec
220,Protect Your Good Name [At All Costs]#leadership #productivity #service,Saturday,2022-06-04,09:56:42,11813,1045,21,56Sec
221,You can play with your phone all day or you can change the world. You dont get to do both.,Thursday,2022-06-02,20:21:47,30032,2207,33,51Sec
222,Doing the difficult things that youve never done awakens the talents you never knew you had. üôèüèΩ,Wednesday,2022-06-01,20:31:31,14366,1484,21,36Sec
223,Trust Yourself When No One Else Does | #RobinSharma #Shorts,Thursday,2022-05-19,17:15:41,11561,873,19,54Sec
224,The 5 Habits Of World-Class Achievers | #RobinSharma #Shorts,Tuesday,2022-05-10,08:56:07,22006,1792,24,59Sec
225,How Legendary Producers Dominate Their Domains | #RobinSharma #Shorts,Sunday,2022-05-08,12:01:51,8914,755,11,42Sec
226,40% Of Your Level Of Happiness Depends On This One Thing | #RobinSharma #Shorts,Saturday,2022-04-23,19:34:45,26445,1744,27,54Sec
227,How to Develop [Untouchable] Inner Peace | #RobinSharma #Shorts,Tuesday,2022-04-19,18:06:29,13455,888,11,36Sec
228,Every Master Was Once a Beginner | #RobinSharma #Shorts,Monday,2022-04-18,12:30:06,9624,852,25,23Sec
229,A Micro Class on Willpower Mastery | Robin Sharma,Sunday,2022-04-17,16:54:30,53012,2151,107,4Min 6Sec
230,Why Self-Love Is Important | #RobinSharma #Shorts,Saturday,2022-04-16,22:09:02,12355,1051,25,36Sec
231,Critics Are Just Terrified Game-Changers In Disguise | #RobinSharma #Shorts,Sunday,2022-04-10,15:17:47,8123,466,12,20Sec
232,Rest Isnt A LuxuryIts An Absolute NECESSITY | #RobinSharma #Shorts,Monday,2022-04-04,13:07:11,10030,682,5,23Sec
233,We Are Most Alive When We Are Making Progress | #RobinSharma #Shorts,Friday,2022-04-01,13:30:44,11400,903,13,20Sec
234,Energy Is More Valuable Than Intelligence | #RobinSharma #Shorts,Thursday,2022-03-31,15:45:16,15457,1003,13,24Sec
235,How Not to Quit Your Dreams | Robin Sharma,Monday,2022-03-07,20:01:43,43166,1773,65,2Min 55Sec
236,How to Let Go of Your Past Forever | Robin Sharma,Friday,2022-03-04,14:26:13,57720,2418,94,5Min 10Sec
237,Legacy is a Waste of Time | Robin Sharma,Monday,2022-02-28,15:34:34,21415,866,43,4Min 25Sec
238,My 4 Tactic Formula to Create Magic | Robin Sharma,Thursday,2022-02-24,14:08:35,22091,886,42,6Min 24Sec
239,The 4 Elements of Real Heroism | Robin Sharma,Thursday,2022-02-17,14:32:09,15089,628,35,5Min 41Sec
240,3 Habits to 3x Your Willpower | Robin Sharma,Monday,2022-02-14,15:05:49,37280,1706,67,6Min 15Sec
241,The 5 Pieces of Advice I'd Give On My Deathbed | Robin Sharma,Thursday,2022-02-10,14:01:39,27380,1232,58,9Min 22Sec
242,Exactly How I Planned My New Year | Robin Sharma,Thursday,2022-02-03,10:28:07,37288,1858,54,3Min 37Sec
243,Claim Your Free Seat to Robin Sharma's Live Global Webinar,Friday,2022-01-28,16:58:02,11842,463,42,1Min 19Sec
244,The Best Time to Workout,Wednesday,2022-01-19,13:00:15,19266,838,24,16Sec
245,Trust Your Primal Genius | #RobinSharma #Shorts,Wednesday,2022-01-12,13:00:17,10715,786,30,54Sec
246,Scars Are Part of Your Growth | #RobinSharma #Shorts,Monday,2022-01-10,13:00:35,9030,506,27,15Sec
247,The #1 Way to Win | #RobinSharma #Shorts,Friday,2022-01-07,13:00:04,12106,821,28,23Sec
248,5 Ways to Make Today Much Better | #Shorts #RobinSharma,Wednesday,2022-01-05,13:29:34,17254,1384,45,23Sec
249,Were Most Alive When Were Closest to Our Fears | #RobinSharma #Shorts,Monday,2022-01-03,13:00:33,14047,896,33,46Sec
250,5 Tactics to Boost Focus Today | #RobinSharma #Shorts,Friday,2021-12-31,13:00:04,28308,2417,52,58Sec
251,One of My Favorite Books of All Time | #RobinSharma #Shorts,Wednesday,2021-12-29,13:00:08,19193,661,41,16Sec
252,The Key to a Super Productive Life | #RobinSharma #Shorts,Monday,2021-12-27,13:00:30,15402,1144,27,53Sec
253,Workout Time | #RobinSharma #Shorts,Friday,2021-12-24,13:00:14,13947,612,28,29Sec
254,Without Mistake There Can Be No Triumphs | #RobinSharma #Shorts,Wednesday,2021-12-22,13:00:31,7672,585,14,27Sec
255,How to Live Forever | #RobinSharma #Shorts,Monday,2021-12-20,14:00:29,8296,568,24,59Sec
256,5 Ways To Be An Exceptional Learner | #RobinSharma #Shorts,Friday,2021-12-17,14:00:05,12448,1097,32,58Sec
257,How to be True to You | #RobinSharma #Shorts,Thursday,2021-12-16,14:00:04,9787,704,23,47Sec
258,Simple Philosophical Principles to Magnify Your Impact | Robin Sharma,Wednesday,2021-03-31,13:22:49,86026,2904,174,3Min 25Sec
259,3 Strategies to Dramatically Upgrade Your Life | Robin Sharma,Wednesday,2021-03-24,14:41:37,96387,3139,99,4Min 2Sec
260,The 5 Rules of Peak Productivity + Creative Mastery,Thursday,2021-02-25,16:39:29,66922,2215,101,8Min 51Sec
261,Decoding Magic-Making to Win | Robin Sharma,Friday,2021-02-19,15:01:25,21443,888,125,6Min 1Sec
262,Emotional Healing to x5 Your Mastery? | Robin Sharma,Wednesday,2021-02-10,14:39:55,28656,1254,122,5Min 21Sec
263,Install This Daily Ritual to Get Ultra Fit | Robin Sharma,Friday,2021-01-15,15:55:29,61563,2453,137,4Min 16Sec
264,Maintain Your White Belt Mentality to Lead Your Field | Robin Sharma,Thursday,2020-12-10,14:25:31,40978,1699,63,4Min 20Sec
265,The Science of Elite Performance + Exponential Leadership [Instagram Live] |  Robin Sharma,Monday,2020-11-23,17:58:38,32225,867,61,21Min 49Sec
266,5 Potent Tactics to Dominate Your Domain | Robin Sharma,Monday,2020-11-16,16:18:10,31181,1275,110,6Min 38Sec
267,The Secret Of Massively Creative People | Robin Sharma,Thursday,2020-11-05,18:07:44,32504,1391,81,4Min 40Sec
268,A Powerful Insight To Help You Build Your Confidence | Robin Sharma,Tuesday,2020-10-27,18:57:50,43482,2051,101,4Min 30Sec
269,The Daily Habits of Ultra Producers | Robin Sharma,Sunday,2020-10-11,16:50:09,61748,2763,112,4Min 8Sec
270,How to Stay Positive and Productive in Uncertain Times | Robin Sharma,Wednesday,2020-09-30,18:16:34,48266,2382,103,4Min 17Sec
271,Life Lessons For Strength in Storms | Robin Sharma,Tuesday,2020-09-22,14:22:00,34421,1965,166,6Min 7Sec
272,How Ultra-Producers Start Their Days | Robin Sharma,Wednesday,2020-09-09,16:50:28,49077,2416,116,5Min 30Sec
273,How Elite Performers Install Habits That Last | Robin Sharma,Tuesday,2020-08-25,15:04:34,45107,2226,62,2Min 29Sec
274,One Method To [Finally] Defeat Digital Distraction | Robin Sharma,Friday,2020-08-21,14:46:24,59720,3286,116,2Min 37Sec
275,Establish A World-Class Pre-Sleep Routine | Robin Sharma,Thursday,2020-08-20,16:44:14,65546,3191,85,2Min 27Sec
276,5 Tactics To Lead In Deep Crisis | Robin Sharma Instagram Live,Wednesday,2020-08-12,16:09:52,28861,915,72,38Min 59Sec
277,How The Titans Of Industry Play The Long Game | Robin Sharma,Tuesday,2020-08-11,15:42:24,11906,575,31,1Min 43Sec
278,Why People Lose Their Energy Productivity and Creativity,Wednesday,2020-08-05,14:40:08,35248,1744,50,2Min 22Sec
279,The #1 Belief of Exceptionally Influential People | A Robin Sharma Mastery Session,Monday,2020-08-03,12:44:05,99230,3499,120,13Min 44Sec
280,4 Potent Strategies To Insulate Your Hope | Robin Sharma,Friday,2020-07-31,16:30:48,14208,775,42,2Min 47Sec
281,WATCH THIS if you feel guilty when you're not working | Robin Sharma,Wednesday,2020-07-22,13:51:47,61984,3242,92,2Min 22Sec
282,40% Of Your Level Of Happiness Depends On This One Thing | Robin Sharma,Monday,2020-07-13,15:33:40,29836,1255,39,55Sec
283,How To Develop [Untouchable] Inner Peace | Robin Sharma,Friday,2020-07-03,14:09:10,32282,1193,49,1Min 4Sec
284,Trust Your Instincts To Scale Your Business | Robin Sharma,Tuesday,2020-06-30,15:28:52,13590,563,32,1Min 12Sec
285,How Legendary Producers Dominate Their Domains | Robin Sharma,Wednesday,2020-06-24,14:33:23,13779,626,35,1Min 23Sec
286,How Great Heroes Rise in Hard Times | Robin Sharma Instagram Live,Tuesday,2020-06-23,13:52:49,13652,637,46,14Min 28Sec
287,Why You Must Protect Your Integrity At All Costs | Robin Sharma,Wednesday,2020-06-10,13:06:23,29213,1460,75,1Min 20Sec
288,How To Become Unconquerable In Hard Times | Robin Sharma Instagram Live,Tuesday,2020-05-26,17:54:15,33636,880,81,33Min 29Sec
289,The Difference Between Victims And Superstars | Robin Sharma,Wednesday,2020-05-20,17:09:10,25076,955,66,1Min 22Sec
290,How To Keep Your Heart Open [In A Cold World] | Robin Sharma,Friday,2020-05-15,15:24:37,17436,837,39,1Min 4Sec
291,Here's How Daily Tiny Triumphs Stack Into Mastery | Robin Sharma,Monday,2020-05-11,12:54:14,18836,1016,34,55Sec
292,Do This To Take Your Power Back | Robin Sharma,Monday,2020-05-04,14:41:22,46617,1767,53,2Min 55Sec
293,The Victory Over Difficulty Report | Robin Sharma,Friday,2020-05-01,13:56:17,12967,525,29,3Min 56Sec
294,One Way To Maximie Your Productivity | Robin Sharma,Monday,2020-04-27,16:21:52,33396,1504,67,1Min 41Sec
295,How To Use Difficult Times To Fuel Your Growth | Robin Sharma,Saturday,2020-04-25,14:40:04,22723,984,47,1Min 45Sec
296,The Multiple Benefits of  Deep Crisis | Robin Sharma,Saturday,2020-04-18,17:59:35,17849,716,41,3Min 53Sec
297,Amplify Your Positivity With a Lockdown Journal | Robin Sharma,Tuesday,2020-04-14,13:37:01,21431,580,37,30Min 38Sec
298,Hard Times Make Great Heroes | Robin Sharma Instagram Live,Friday,2020-04-10,18:48:06,116506,6402,95,1Min 0Sec
299,The Good Amidst The Darkness | Robin Sharma,Tuesday,2020-04-07,13:31:39,11706,521,37,2Min 22Sec
300,5 Tactics The Greatest Leaders Use to Win in Crisis | Robin Sharma,Tuesday,2020-03-31,15:07:49,28669,926,44,7Min 26Sec
301,The War Measures Manual | Robin Sharma,Sunday,2020-03-29,17:30:41,8683,330,23,54Sec
302,How Virtuosos Build Their Days To Set Themselves Up For Success | Robin Sharma,Saturday,2020-03-28,20:50:28,15422,669,31,2Min 18Sec
303,Principles To Stand In Good Courage | Robin Sharma on Instagram Live,Monday,2020-03-23,13:19:43,13091,426,22,17Min 51Sec
304,The Real Reason Why Ultra-Producers Win | Robin Sharma,Thursday,2020-03-19,18:10:34,16323,654,25,3Min 1Sec
305,A Webinar To Stay Strong In Messy Times | Robin Sharma,Sunday,2020-03-15,12:52:53,18021,419,51,59Min 37Sec
306,Install This Habit To Become An Iconic Producer | Robin Sharma,Tuesday,2020-03-10,14:57:25,17702,685,18,58Sec
307,Personal Mastery Academy 2020 | Robin Sharma,Sunday,2020-03-08,17:20:51,11409,245,16,1Min 0Sec
308,Why Critics Are Terrified Dreamers | Robin Sharma,Saturday,2020-03-07,14:05:31,10596,367,26,2Min 22Sec
309,4 Truths To Grow Self-Love | Robin Sharma,Thursday,2020-03-05,14:53:28,365116,11636,332,17Min 51Sec
310,How Successful Entrepreneurs Build Ultra-Strong Client Relationships | Robin Sharma,Friday,2020-02-28,17:34:55,17206,593,46,3Min 40Sec
311,How Empire-Makers Overcome Self Doubt,Monday,2020-02-24,20:01:12,14825,508,36,1Min 4Sec
312,The Best Life Lesson My Father Taught Me | Robin Sharma,Thursday,2020-02-20,09:17:43,56372,1928,77,8Min 38Sec
313,How To Profoundly Alter How Your Days Unfold | Robin Sharma,Tuesday,2020-02-18,18:24:21,16142,567,19,1Min 24Sec
314,The Benefits of Being A Minimalist | Robin Sharma,Tuesday,2020-02-11,17:18:50,33370,1318,56,2Min 4Sec
315,How I Handle Haters | Robin Sharma,Thursday,2020-02-06,10:31:47,121810,4448,264,16Min 46Sec
316,Micro-Wins To Help You Become The Best Version Of You | Robin Sharma,Tuesday,2020-01-14,19:41:23,47986,1690,66,2Min 52Sec
317,The Firefighter Who Burned Books | Robin Sharma,Thursday,2019-11-28,14:47:15,45284,1233,70,10Min 42Sec
318,How Billionaires Start Their Days | The Morning Routine of Extremely Productive People,Monday,2019-11-25,20:07:50,106028,3100,164,16Min 39Sec
319,Advanced Insights for Special Performance | Robin Sharma,Monday,2019-11-18,15:37:35,51258,1471,104,17Min 45Sec
320,The Antidote To Procrastination | Interview with Robin Sharma,Saturday,2019-10-26,00:40:42,35933,546,35,43Min 45Sec
321,The Top Life Habits of The Worlds Wisest People | Robin Sharma,Monday,2019-10-21,11:48:05,183306,4568,192,25Min 6Sec
322,How To Repair + Grow Brain Cells | Robin Sharma,Tuesday,2019-10-15,20:29:18,46207,1948,31,3Min 8Sec
323,A General Theory on Domain Dominance | Robin Sharma,Tuesday,2019-10-08,19:11:30,23727,799,40,17Min 11Sec
324,The Genius Blockage Theory for Extremely Special Performers | Robin Sharma,Tuesday,2019-10-01,15:57:34,21279,700,37,6Min 0Sec
325,3 Methods To Institutionalie World-Class Focus | Robin Sharma,Thursday,2019-09-19,13:26:48,52144,2133,77,3Min 32Sec
326,The Titan Summit 2019,Tuesday,2019-09-17,08:44:21,12507,287,21,3Min 42Sec
327,The Morning Routine of Geniuses | Robin Sharma on Maximiing Your Productivity,Sunday,2019-09-15,14:16:36,40727,850,40,49Min 38Sec
328,1 Simple Strategy To Dial In Your Focus | Robin Sharma,Tuesday,2019-09-10,14:14:29,92799,3149,75,3Min 21Sec
329,The Titan Summit 2019,Friday,2019-09-06,14:05:19,13540,436,10,3Min 42Sec
330,The 6 Noble Truths Of Winning In Business | Robin Sharma,Thursday,2019-09-05,12:54:29,55365,1472,58,13Min 49Sec
331,How To Fuel Your Creativity Via Beautiful Environments | Robin Sharma,Thursday,2019-08-29,15:11:49,19119,617,16,3Min 35Sec
332,Be An Everyday Hero | Robin Sharma,Friday,2019-08-23,13:20:03,77893,3426,91,2Min 46Sec
333,How Billionaires Wake Up Early | The Morning Routine of Geniuses,Sunday,2019-08-18,08:47:51,332951,10608,428,13Min 58Sec
334,Leadership Lessons From Victoria Beckham | Robin Sharma,Thursday,2019-08-15,07:06:02,46953,1133,32,17Min 7Sec
335,How Visionaries Produce Iconic Results | Robin Sharma,Thursday,2019-08-08,13:29:57,38201,1702,49,6Min 5Sec
336,The Bald Man In The Big Mercedes | Robin Sharma,Thursday,2019-08-01,10:09:11,47397,1282,63,13Min 54Sec
337,How To Shift From A Business To A Movement | Robin Sharma,Monday,2019-07-29,18:48:31,15787,772,36,5Min 10Sec
338,Do You Have A Mindset Of Possibility? | Robin Sharma,Monday,2019-07-22,19:34:45,31822,1424,31,2Min 2Sec
339,The #1 Habit Of Game-Changers | Robin Sharma,Monday,2019-07-15,19:01:00,45616,2032,41,2Min 22Sec
340,Lessons On Sorrow As Fuel For Joy | Robin Sharma,Thursday,2019-07-11,13:25:37,42330,1498,61,8Min 38Sec
341,Why You Should Be Relentlessly Authentic | Robin Sharma,Monday,2019-07-08,16:38:42,21114,1115,39,2Min 5Sec
342,Lessons On Artistry from Steve Jobs | Robin Sharma,Wednesday,2019-07-03,13:50:54,23458,1230,54,4Min 20Sec
343,The Big Lie Of Positive Thinking | Robin Sharma,Thursday,2019-06-27,16:29:56,156185,3971,148,30Min 56Sec
344,Why You Don't Need To Fit In With The Crowd | Robin Sharma,Monday,2019-06-24,13:11:20,33077,1929,51,2Min 47Sec
345,How To Install Habits That Last | Robin Sharma,Thursday,2019-06-20,13:27:15,82681,4210,82,3Min 16Sec
346,How To Make Others Feel Significant | Robin Sharma,Monday,2019-06-17,18:49:22,25383,1579,61,2Min 27Sec
347,How To Rule The World | The Robin Sharma Mastery Sessions,Thursday,2019-06-13,14:29:37,84227,2118,90,20Min 42Sec
348,Top Business + Life Lessons from The Worlds Best Leaders | Robin Sharma Live,Friday,2019-06-07,18:57:01,24476,1194,43,3Min 30Sec
349,6 Things I Wish I'd Learned At 20 | Robin Sharma,Thursday,2019-05-30,09:56:18,2792601,104177,2404,23Min 46Sec
350,How To Fearlessly Speak Your Opinions | Robin Sharma,Friday,2019-05-24,14:13:07,38147,2138,55,2Min 13Sec
351,The Morning Routine of Billionaires | Excellent Interview with Robin Sharma,Wednesday,2019-05-22,15:12:32,48708,928,32,49Min 4Sec
352,How To Produce Your Masterwork | A Robin Sharma Reading,Thursday,2019-05-16,17:25:41,49605,1381,56,10Min 9Sec
353,How To Master Your Craft So You Lead Your Field | Robin Sharma x Personal Mastery Academy,Thursday,2019-05-09,17:17:12,219075,6919,129,9Min 41Sec
354,4 Methods Superstars Use To Protect Their Energy | Robin Sharma,Thursday,2019-05-02,08:22:07,280112,8979,260,23Min 36Sec
355,The Top 5% VS. The Majority: How Industry Leaders Think | Robin Sharma,Tuesday,2019-04-30,12:24:49,26337,1146,44,2Min 25Sec
356,4 Excellent Habits To Beat Distraction | Robin Sharma,Thursday,2019-04-18,12:21:15,744867,21560,583,24Min 21Sec
357,Step Into Your Primal Genius I Robin Sharma x Personal Mastery Academy,Monday,2019-04-15,20:31:29,12160,317,21,1Min 59Sec
358,Less Talk. More Do. | Robin Sharma,Friday,2019-04-12,09:56:34,114338,5157,95,2Min 12Sec
359,How to Be Comfortable Being Alone | Robin Sharma,Thursday,2019-04-04,08:27:36,626392,24605,1052,12Min 35Sec
360,How Billionaires Defeat Distraction | Robin Sharma,Monday,2019-04-01,14:37:59,590676,18642,422,10Min 17Sec
361,Five Ways to Rise Above a Hard Time | Robin Sharma,Thursday,2019-03-21,10:14:52,306272,8001,346,23Min 47Sec
362,The Mindset of Leadership 2.0 | Robin Sharma,Monday,2019-03-18,10:02:55,37187,1532,54,1Min 57Sec
363,How Virtuosos Defeat Distraction + Elevate The World | Robin Sharma,Thursday,2019-03-14,09:20:14,25952,1308,42,2Min 35Sec
364,Nando Parrado's Lesson in Heroism: Surviving The Andes Mountains | The Titan Summit x Robin Sharma,Monday,2019-03-11,15:02:55,33932,867,38,12Min 12Sec
365,Why Kindness Is Not A Weakness | Robin Sharma,Thursday,2019-03-07,07:12:27,72365,2074,126,17Min 28Sec
366,Is Distraction Causing You To Betray Your Talent?,Monday,2019-01-28,16:07:00,103087,4476,148,8Min 3Sec
367,Instagram LiveReFuelling Session‚Äù,Wednesday,2018-12-19,09:59:16,14734,373,45,22Min 20Sec
368,How to Wake Up at 5 AM | Valuable Robin Sharma Interview,Wednesday,2018-12-05,15:27:01,69024,1179,64,42Min 16Sec
369,Win a signed copy of The 5 AM Club | Robin Sharma,Thursday,2018-11-22,13:58:24,12857,507,41,1Min 41Sec
370,Why So Few Succeed | Robin Sharma,Thursday,2018-11-22,07:30:36,264406,7712,252,15Min 5Sec
371,The 5 AM Club | Robin Sharmas Famous Morning Routine,Thursday,2018-10-25,09:28:31,700576,3362,167,1Min 26Sec
372,Robin Sharma and Steve Woniak | The Titan Summit,Tuesday,2018-09-25,07:06:07,19960,551,25,7Min 21Sec
373,Robin Sharma and Shaquille O'Neal | The Titan Summit,Thursday,2018-09-20,15:15:01,12197,286,7,7Min 37Sec
374,How You Can Recover From a Fall | Robin Sharma,Thursday,2018-09-06,06:33:02,123855,3069,98,11Min 40Sec
375,The Dark Side of Genius | Robin Sharma,Saturday,2018-08-18,06:05:51,162217,7393,110,54Sec
376,The Alternate Orbit of History's Heroes | Mastery Session,Thursday,2018-07-26,07:07:53,50491,1081,43,19Min 38Sec
377,How To Be A Hero: Using Your Gifts For The Benefit Of The World | Robin Sharma,Monday,2018-07-16,16:16:34,18660,517,16,3Min 34Sec
378,How Warriors Battleproof Elite Health | Mastery Session,Thursday,2018-07-12,07:50:21,71000,1777,83,12Min 31Sec
379,A Quick System for a Spectacular Life | Robin Sharma,Thursday,2018-06-28,09:00:26,266223,6072,141,12Min 52Sec
380,How to Fearlessly Speak Your Opinions | Robin Sharma,Thursday,2018-06-14,08:06:09,192076,6404,246,13Min 0Sec
381,The 4 Interior Empires of History-Makers | Robin Sharma,Thursday,2018-05-31,13:05:06,81651,2217,84,20Min 47Sec
382,9 Rules for a Monumental Life | Robin Sharma,Thursday,2018-05-17,08:26:57,466811,8766,311,36Min 52Sec
383,How To Be Human Again | Robin Sharma,Thursday,2018-04-26,08:22:20,77330,2047,100,25Min 17Sec
384,How To Grow Confidence: Your Impact as a Fearless Visionary,Monday,2018-04-16,07:29:14,31952,1020,41,4Min 5Sec
385,The #1 Habit SuperProducers Run Daily | Robin Sharma,Thursday,2018-04-12,09:43:34,540849,14330,439,22Min 5Sec
386,A Video for Your Relentless Pursuit of Personal Mastery | Robin Sharma,Thursday,2018-04-05,13:25:40,66251,373,19,2Min 16Sec
387,My Top 5 Private Leadership Values | Robin Sharma,Thursday,2018-03-29,08:25:08,128251,2828,97,27Min 9Sec
388,How Billionaires Set Giant Goals | Robin Sharma,Thursday,2018-03-15,09:26:48,302570,6914,233,31Min 57Sec
389,The 5 AM Club Morning Meditation | Robin Sharma,Sunday,2018-03-11,08:21:17,71887,2426,64,2Min 39Sec
390,How Legendary Leaders Speak | Robin Sharma,Thursday,2018-03-01,08:47:41,258222,6938,211,27Min 18Sec
391,The 3 Psychologies for Legendary Productivity,Thursday,2018-02-22,14:50:23,41862,980,54,3Min 32Sec
392,Deep Confusion As A Victory Tool | Robin Sharma,Thursday,2017-12-07,19:37:21,80411,2470,87,10Min 17Sec
393,The Real Reasons Good People Fail | Robin Sharma,Thursday,2017-11-16,14:47:09,359710,10832,321,20Min 57Sec
394,What Makes A World Class Company | Robin Sharma,Thursday,2017-10-26,07:58:45,66615,1555,66,29Min 10Sec
395,3 Apps for World-Builders,Thursday,2017-10-19,13:12:19,31119,710,24,1Min 13Sec
396,Your Rise from Victimhood to Leadership,Monday,2017-10-16,08:21:40,20255,482,14,1Min 12Sec
397,The Traits That Make You Strange Are The Gifts That Make You Special | Robin Sharma,Thursday,2017-10-12,08:20:55,100688,2527,112,26Min 1Sec
398,How The Pros Build Focus,Monday,2017-10-09,08:12:13,25023,769,21,1Min 11Sec
399,Why Most People Don't Win [And How to Avoid It],Monday,2017-10-02,12:40:23,32191,865,15,1Min 12Sec
400,The 2 Massage Protocol | Robin Sharma,Thursday,2017-09-28,07:22:25,55140,1164,78,17Min 23Sec
401,The 90/90/1 Rule | Robin Sharma,Monday,2017-08-28,07:18:27,288835,6644,170,16Min 9Sec
402,Fast Fire | Robin Sharma,Thursday,2017-07-27,08:42:32,86648,2331,81,13Min 22Sec
403,Be Part Saint + Part Hero,Thursday,2017-07-20,14:55:45,13488,340,27,2Min 5Sec
404,An Inspirational Video For Heroes Only | Robin Sharma,Thursday,2017-07-13,06:43:18,73768,1240,47,3Min 46Sec
405,Your Lifestyle Depends On Your Helpfulness,Thursday,2017-06-29,14:30:43,31031,533,20,1Min 10Sec
406,The Kanye Poster Insight | Robin Sharma,Monday,2017-06-26,08:56:58,37843,747,42,7Min 45Sec
407,How the World's Most Successful People Battleproof Their Brains | Robin Sharma,Saturday,2017-06-10,11:05:49,39986,757,44,6Min 50Sec
408,Morning Routine [The 5am Club Meditation for Legends],Wednesday,2017-05-31,14:40:24,129328,2880,137,7Min 17Sec
409,The 7000 Ferraris Philosophy | Robin Sharma,Monday,2017-05-29,07:38:31,63351,1394,58,5Min 35Sec
410,A Personal Message Celebrating Your Greatness [from a small boat in Italy],Friday,2017-05-19,14:22:00,29395,1005,28,56Sec
411,"The Three ""I"" Philosophy for Extreme Leadership | Robin Sharma",Thursday,2017-05-11,08:26:42,82707,1652,77,9Min 20Sec
412,Win 2 Exclusive VIP Experiences to Personal Mastery Academy 2017,Saturday,2017-04-29,05:25:16,5472,124,16,2Min 40Sec
413,Kickstart Your A-Game Today | Robin Sharma,Wednesday,2017-04-26,16:02:01,11161,256,8,55Sec
414,Adventure as a Performance Fuel | Robin Sharma,Monday,2017-04-24,10:18:55,57530,1176,44,13Min 50Sec
415,An Inspirational Video for Personal Mastery | Robin Sharma,Saturday,2017-04-22,15:12:30,136103,2185,69,4Min 13Sec
416,How to Pick Your Social Network | Robin Sharma,Monday,2017-04-10,12:49:36,88510,2535,118,13Min 48Sec
417,The Antidote to Average: A MasterClass to Generate Rare-Air Success,Monday,2017-04-03,15:23:39,83172,1614,93,19Sec
418,A Message to Our Children | Robin Sharma,Monday,2017-03-27,12:16:44,36464,778,40,10Min 16Sec
419,The Virtuoso Leap: A Masterclass to Own Your Field | Robin Sharma,Thursday,2017-03-16,16:02:22,46971,989,65,41Min 5Sec
420,Cemetery Walking as a Life Mastery Tool | Robin Sharma,Tuesday,2017-03-14,16:54:11,34376,663,41,9Min 22Sec
421,The Neurobiology of Genius Explained [simply] | Robin Sharma,Monday,2017-03-13,07:13:14,16034,561,27,2Min 51Sec
422,The Victim To Leader Leap | Robin Sharma,Thursday,2017-03-09,11:05:29,80273,1909,152,26Min 31Sec
423,How to Fearproof Your Life | Robin Sharma,Monday,2017-03-06,13:52:42,15051,290,12,1Min 26Sec
424,Why To Love Your Haters | Robin Sharma,Monday,2017-02-27,08:04:04,79892,2408,130,10Min 1Sec
425,How Heroes Are Made | Robin Sharma,Thursday,2017-02-23,16:15:02,27582,699,46,43Min 8Sec
426,How To Love Life's Great Seasons | Robin Sharma,Thursday,2017-02-09,09:56:54,38237,666,45,9Min 36Sec
427,An Insider's Blueprint for Becoming a Daily Hero,Saturday,2017-01-21,15:05:49,9910,216,8,44Sec
428,What Rich Really Means | Robin Sharma,Thursday,2017-01-12,15:10:03,64604,1517,84,9Min 29Sec
429,The 4 Signs of a Genius Entrepreneur | Robin Sharma,Thursday,2016-12-29,09:30:33,74821,1644,65,11Min 30Sec
430,How to Become The Hero of Your Life | Robin Sharma,Tuesday,2016-12-27,06:52:25,75099,1829,70,15Min 48Sec
431,Always Be Kind | Robin Sharma,Tuesday,2016-12-20,09:19:41,13012,513,33,1Min 39Sec
432,5 Rituals That Predict Success | Robin Sharma,Thursday,2016-12-15,10:12:14,1834677,49344,1005,12Min 4Sec
433,Why Positive Thinking Doesn't Work | Robin Sharma,Tuesday,2016-12-13,08:51:44,82451,1980,122,10Min 18Sec
434,How to Get Unstuck + Unchain Your Dreams | Robin Sharma,Monday,2016-12-12,08:57:59,144051,3090,108,13Min 10Sec
435,Why Great Leaders Are Devoted Readers | Robin Sharma,Thursday,2016-12-01,07:19:33,73603,1984,89,9Min 15Sec
436,Robin Sharma Live Stream,Wednesday,2016-11-30,01:21:38,0,0,0,0Sec
437,How to Grow Your Impact Exponentially | Robin Sharma,Saturday,2016-11-12,06:35:21,12625,336,22,1Min 46Sec
438,4 Tactics for Becoming a Titan + Leader | Robin Sharma,Tuesday,2016-11-01,13:05:21,22014,364,24,9Min 36Sec
439,How to Stay Positive on a Bad Day | Robin Sharma,Thursday,2016-10-27,08:02:51,323372,7419,290,8Min 41Sec
440,5 Lessons for Greatness Grace + Gargantuan Success | Robin Sharma,Monday,2016-10-24,07:14:16,29708,520,19,7Min 30Sec
441,Lessons From Rome My Favorite City on the Planet | Robin Sharma,Thursday,2016-10-20,16:49:07,23615,522,46,10Min 56Sec
442,How to Build Confidence | Robin Sharma,Thursday,2016-10-13,08:04:18,636575,11570,344,21Min 35Sec
443,5 Lessons My Mentors Taught Me | Robin Sharma,Thursday,2016-09-29,12:43:48,343369,7714,219,12Min 46Sec
444,The Shortness of Life | Robin Sharma,Friday,2016-09-23,06:15:49,34137,1372,68,6Min 13Sec
445,How Business Titans Do It | Robin Sharma,Thursday,2016-09-22,08:58:47,102808,1596,67,18Min 26Sec
446,The Value of Being Disliked | Robin Sharma,Thursday,2016-09-15,07:07:23,369584,12125,1011,7Min 0Sec
447,The 8 Purposes of Being in Business | Robin Sharma,Thursday,2016-09-08,08:04:18,78924,1435,73,20Min 8Sec
448,7 Key Reasons to Journal | Robin Sharma,Thursday,2016-09-01,05:59:18,233161,5453,196,21Min 37Sec
449,The 5 Mentalities of Mastery | Robin Sharma,Thursday,2016-08-25,07:49:03,319108,6564,151,14Min 53Sec
450,What do the Most Successful People on the Planet Have in Common? | Robin Sharma,Sunday,2016-08-21,14:22:24,45133,1030,60,4Min 0Sec
451,How to Beat Procrastination | Robin Sharma,Thursday,2016-08-18,14:58:13,17894,572,18,1Min 43Sec
452,How Titans Beat Irrelevance | Robin Sharma,Thursday,2016-08-18,08:05:51,27365,664,24,8Min 4Sec
453,The Importance of Having Attention to Detail | Robin Sharma,Tuesday,2016-08-16,17:56:05,10540,278,14,1Min 16Sec
454,How To Add 100 Years To Your Life | Robin Sharma,Thursday,2016-08-11,05:05:25,42742,832,44,7Min 23Sec
455,The Small-Win Principle For Maximum Performance | Robin Sharma,Thursday,2016-08-04,08:32:06,85293,1684,47,4Min 28Sec
456,What is Leadership? How Great Leaders Think | Robin Sharma,Friday,2016-07-29,05:56:26,189053,3294,114,11Min 33Sec
457,A Method To x100 Your Productivity | Robin Sharma,Thursday,2016-07-21,08:22:28,2418942,67963,1251,11Min 46Sec
458,5 Maxims for Maximum Success | Robin Sharma,Thursday,2016-07-14,06:49:06,135848,3161,99,9Min 14Sec
459,Robin Sharma,Monday,2016-07-11,11:34:21,231884,1483,55,2Min 44Sec
460,How to be Productive While Traveling | Robin Sharma,Thursday,2016-07-07,07:01:56,38976,655,43,11Min 31Sec
461,How to Stay Ultra Inspired | Robin Sharma,Thursday,2016-06-30,07:48:04,371485,7070,168,12Min 30Sec
462,One of the most beautiful places I've ever been to | Robin Sharma,Wednesday,2016-06-29,13:23:54,10256,307,13,42Sec
463,The Importance Of Becoming Famous | Robin Sharma,Thursday,2016-06-23,06:33:22,45253,961,43,6Min 11Sec
464,How to Take Your Work from a Job to a Craft | Robin Sharma,Thursday,2016-06-16,09:57:53,47078,891,37,9Min 44Sec
465,How To Build A Team Of Picassos | Robin Sharma,Thursday,2016-06-09,08:11:40,42674,672,36,10Min 31Sec
466,5 Quotes To Lift Your Game | Robin Sharma,Thursday,2016-06-02,10:31:04,140977,3811,100,5Min 58Sec
467,4 Tactics to Becoming a Genius Communicator | Robin Sharma,Thursday,2016-05-26,05:23:12,517865,12569,252,7Min 38Sec
468,How to Forgive a Human Being | Robin Sharma,Thursday,2016-05-19,08:33:17,106180,2401,143,10Min 36Sec
469,The 2 Drivers of a Remarkable Life | Robin Sharma,Thursday,2016-05-12,07:47:52,59648,1086,45,4Min 53Sec
470,What The Romans Know About Greatness | Robin Sharma,Thursday,2016-05-05,04:46:08,57950,956,43,10Min 24Sec
471,The Secret Of Massively Creative People | Robin Sharma,Thursday,2016-04-28,07:37:46,96211,2226,101,11Min 1Sec
472,The One-Thing That Changed Everything | Robin Sharma,Wednesday,2016-04-27,15:43:41,16691,377,14,1Min 34Sec
473,The Cure For Fear | Robin Sharma,Thursday,2016-04-21,07:49:48,382771,7505,217,9Min 4Sec
474,How To Never Grow Old | Robin Sharma,Thursday,2016-04-14,08:27:24,66391,1378,75,7Min 39Sec
475,Leave The Cult of Average Today | Robin Sharma,Thursday,2016-04-07,15:27:08,149977,2963,103,8Min 22Sec
476,How To Stop Being Used | Robin Sharma,Thursday,2016-03-31,10:00:38,159250,3481,180,5Min 9Sec
477,5 Things To Do Before You Die | Robin Sharma,Thursday,2016-03-24,10:22:07,172191,3308,153,8Min 5Sec
478,The Power of Words | Robin Sharma,Thursday,2016-03-17,08:27:25,90073,1553,52,4Min 47Sec
479,How To Grow Great Kids | Robin Sharma,Thursday,2016-03-10,12:28:43,100682,1421,62,8Min 37Sec
480,How to Transform a Bad Day | Robin Sharma,Thursday,2016-03-03,20:22:56,95433,1996,61,6Min 8Sec
481,The 5 Consistencies of Game Changers | Robin Sharma,Friday,2016-02-26,07:24:28,140717,3069,77,8Min 46Sec
482,How to Shift From Doing a Job to Working a Craft | Robin Sharma,Friday,2016-02-19,05:24:31,121209,2230,79,15Min 3Sec
483,The Strangest Paradox of Leadership | Robin Sharma,Thursday,2016-02-11,09:59:44,68079,1180,41,15Min 32Sec
484,5 Powerful Tools to Overcome Pain | Robin Sharma,Thursday,2016-02-04,08:26:17,203823,5284,293,16Min 31Sec
485,An Adventure Video to 100x Your Life | Robin Sharma,Sunday,2016-01-31,16:01:59,11781,261,9,2Min 29Sec
486,Why Your Words Matter | Robin Sharma,Friday,2016-01-29,04:45:04,127980,3068,110,6Min 52Sec
487,Why I Walk In The Woods | Robin Sharma,Monday,2016-01-25,12:55:21,24902,613,42,5Min 55Sec
488,The True Purpose of Life | Robin Sharma,Thursday,2016-01-21,16:30:49,139766,2870,100,4Min 53Sec
489,The Rules of Game-Changers | Robin Sharma,Thursday,2016-01-21,16:29:52,252487,4496,134,14Min 50Sec
490,6 Big Lessons to Win at Life | Robin Sharma,Thursday,2016-01-21,16:28:23,423436,7141,206,15Min 52Sec
491,How To Stay Creative | Robin Sharma,Thursday,2016-01-21,16:26:12,90122,2139,81,11Min 20Sec
492,A very special human being (3 minutes of inspiration) | Robin Sharma,Thursday,2015-09-10,14:50:52,22161,930,55,3Min 38Sec
493,Robin Sharma Trailer,Wednesday,2015-06-03,13:48:14,107872,863,26,2Min 7Sec
494,How to Make This New Year Legendary | Robin Sharma,Thursday,2015-02-05,18:21:58,314023,4707,205,49Sec
495,Live By Your Values | Robin Sharma,Thursday,2014-11-27,20:52:32,25962,307,5,49Sec
496,Why Change is Hard at First | Robin Sharma,Thursday,2014-11-27,20:47:16,24198,261,5,28Sec
497,Life Is Short Be of Use | Robin Sharma,Wednesday,2014-11-26,21:12:58,25803,344,3,44Sec
498,Broken Focus Syndrome | Robin Sharma,Wednesday,2014-11-26,21:07:24,23851,216,9,22Sec
499,The 6 Quiet Rituals of Enormously Successful Humans | Robin Sharma,Wednesday,2014-05-21,16:08:20,436647,4062,210,16Min 29Sec
500,4 Big Secrets of the Top 5% Achievers | Robin Sharma,Tuesday,2014-04-29,15:05:55,440018,6347,176,8Min 40Sec
501,The Reasons We Don't Achieve Success | Robin Sharma,Wednesday,2014-04-23,18:40:02,425806,6117,191,9Min 35Sec
502,How to Build Willpower and Self-Discipline | Robin Sharma,Thursday,2014-02-20,21:38:29,806736,8519,348,16Sec
503,A Formula For Uncommon Success | Robin Sharma,Thursday,2014-01-16,16:39:30,138275,1613,74,10Min 38Sec
504,Powerful Tips for a Successful New Year | Robin Sharma,Wednesday,2014-01-01,15:03:48,116934,1230,51,4Min 15Sec
505,How to Wake Up Early | Robin Sharma,Thursday,2013-12-05,18:04:50,2334608,46803,1760,14Min 12Sec
506,How to Install World-Class Beliefs | Robin Sharma,Wednesday,2013-06-12,14:19:21,45491,654,28,3Min 56Sec
507,The Princess + The Bentley | Robin Sharma,Saturday,2013-06-08,10:38:47,20643,244,13,6Min 15Sec
508,The SuperAchiever's Secret | Robin Sharma,Wednesday,2013-06-05,18:19:11,29228,360,22,2Min 57Sec
509,How to Keep a Journal | Robin Sharma,Wednesday,2013-05-29,18:07:18,466137,9357,289,8Min 6Sec
510,The Key to Avoiding Failure | Robin Sharma,Saturday,2013-05-25,15:01:06,30924,297,10,2Min 11Sec
511,How SuperAchievers Think | Robin Sharma,Thursday,2013-05-23,14:42:48,135362,1295,51,4Min 27Sec
512,How To Think Like A SuperHero | Robin Sharma,Sunday,2013-01-27,18:26:59,60789,593,33,4Min 44Sec
513,How to Deliver World-Class Customer Service | Robin Sharma,Friday,2012-12-14,19:55:03,33494,311,21,4Min 6Sec
514,Best Motivational Quotes: Inspiration and Motivation | Robin Sharma,Thursday,2012-12-06,16:00:35,123349,963,34,1Min 50Sec
515,4 Tips to Build a Winning Team | Robin Sharma,Monday,2012-10-29,16:03:37,50084,389,10,6Min 32Sec
516,Rules for Being Amaing (best inspirational quotes) | Robin Sharma,Wednesday,2012-10-24,20:27:22,154397,1142,51,1Min 38Sec
517,How I Beat Procrastination | Robin Sharma,Tuesday,2012-09-25,02:57:50,1584446,25377,941,16Min 51Sec
518,New Tactics to Become the Most Productive Person You Know | Robin Sharma,Tuesday,2012-09-18,02:21:47,237512,3109,121,8Min 14Sec
519,The 3 Habits of Happiness | Robin Sharma,Tuesday,2012-08-21,12:45:30,253008,2683,89,3Min 55Sec
520,Inspirational Quotes (Video #1) | Robin Sharma,Friday,2012-08-10,12:44:51,59852,477,14,1Min 27Sec
521,The Secret Letters of The Monk Who Sold His Ferrari | Robin Sharma,Thursday,2012-08-09,12:48:07,23473,82,8,1Min 24Sec
522,The Sword Crafter's Parable | Robin Sharma,Tuesday,2012-06-12,12:42:27,31086,315,26,4Min 23Sec
523,Fast Lessons For Smart Entrepreneurs | Robin Sharma,Tuesday,2012-03-27,00:59:37,37661,218,7,2Min 51Sec
524,Unleash Your Inner Entrepreneur | Robin Sharma,Wednesday,2012-03-14,19:36:45,24054,156,6,2Min 35Sec
525,8 Steps To Winning In The New Year | Robin Sharma,Thursday,2012-01-12,14:52:16,87437,1014,43,14Min 50Sec
526,How to Defeat Worry | Robin Sharma,Wednesday,2012-01-11,15:56:00,314371,3524,172,9Min 49Sec
527,How To Get Up Early | Robin Sharma,Tuesday,2012-01-10,18:37:44,250109,2362,211,9Min 31Sec
528,How To Stay Really Focused and Positive In A Bad Economy - Part 2 | Robin Sharma,Tuesday,2011-10-25,14:02:27,48267,493,19,11Min 23Sec
529,How To Stay Really Focused and Positive In A Bad Economy - Part 1 | Robin Sharma,Tuesday,2011-10-25,13:50:46,200382,1626,80,13Min 26Sec
530,The 9 Strange Rules of ULTRA-Successful Entrepreneurs - Part 2 | Robin Sharma,Thursday,2011-10-20,12:54:06,71192,733,37,12Min 12Sec
531,The 9 Strange Rules of ULTRA-Successful Entrepreneurs - Part 1 | Robin Sharma,Thursday,2011-10-20,12:49:31,130276,1171,41,11Min 50Sec
532,The 5 Smartest Ways To Recession-Proof Your Business - Part 2 | Robin Sharma,Tuesday,2011-10-18,14:09:33,7840,61,5,9Min 42Sec
533,The 5 Smartest Ways To Recession-Proof Your Business - Part 1 | Robin Sharma,Tuesday,2011-10-18,14:08:26,9606,89,6,11Min 4Sec
534,Ask Robin - Episode 1 | Robin Sharma,Thursday,2011-09-29,13:40:11,8197,99,6,8Min 52Sec
535,The Real Reason You Procrastinate | Robin Sharma,Tuesday,2011-09-06,20:29:35,68743,763,28,3Min 55Sec
536,My 3 Best Keys To Super Productivity | Robin Sharma,Tuesday,2011-09-06,20:28:09,111989,939,41,6Min 24Sec
537,How To Build A Winning Team - 5 Best Team Building Practices | Robin Sharma,Thursday,2011-04-21,02:09:58,142413,1248,34,6Min 19Sec
538,11 Obsessions of Remarkable Entrepreneurs | Robin Sharma,Thursday,2011-04-21,01:06:39,38899,326,10,4Min 5Sec
539,The Beauty of Criticism - Leadership Development | Robin Sharma,Monday,2011-02-28,13:14:43,30711,236,14,4Min 0Sec
540,Full House Mastery and Why You Need to Breathe It | Robin Sharma,Monday,2011-01-10,18:32:49,16941,105,3,2Min 35Sec
541,How To Make This New Year Your Best Year Yet | Robin Sharma,Wednesday,2010-12-22,15:49:06,279471,2586,112,10Min 12Sec
542,Two Genius-Level Breakfast Servers | Robin Sharma,Friday,2010-11-26,23:36:19,18375,120,4,4Min 14Sec
543,Getting More Done In Less Time | Robin Sharma,Friday,2010-10-22,21:07:12,82570,639,20,2Min 44Sec
544,How to Do Your Best Work - 3 Keys To Mastery | Robin Sharma,Tuesday,2010-10-19,23:23:32,272566,2483,98,12Min 58Sec
545,Invisible Fences | Robin Sharma,Tuesday,2010-10-19,19:55:29,13748,132,4,3Min 14Sec
546,How To Do Genius-Level Work | Robin Sharma,Monday,2010-10-18,20:54:03,47612,461,17,8Min 38Sec
547,The Value of Doing Nothing | Robin Sharma,Tuesday,2010-10-12,13:00:27,19090,144,7,2Min 29Sec
548,Leadership Lessons From Really Old People | Robin Sharma,Monday,2010-10-04,13:26:47,12669,74,3,2Min 44Sec
549,Robin Sharma Live!,Wednesday,2010-09-29,00:23:40,246710,1654,55,8Min 48Sec
550,Robin Interviewed on Lithuanian National Television,Tuesday,2010-09-28,19:51:13,3665,28,1,11Min 56Sec
551,Robin interviewed on Entertainment Tonight,Tuesday,2010-09-28,19:40:17,3610,10,1,33Sec
552,Robin Interviewed on Estonian National Television,Tuesday,2010-09-28,19:34:48,2529,6,0,11Min 41Sec
553,Jon Bon Jovi talks about The Monk Who Sold His Ferrari by Robin Sharma,Tuesday,2010-09-28,19:18:28,55228,321,8,3Min 47Sec
554,What Makes a Leader (CBC News) | Robin Sharma,Tuesday,2010-09-28,19:09:14,4137,34,0,5Min 59Sec
555,Robin Sharma meets President Shimon Peres,Tuesday,2010-09-28,19:05:32,3022,19,1,3Min 9Sec
556,CNN profile Robin Sharma,Tuesday,2010-09-28,19:05:24,35075,408,9,6Min 23Sec
557,Nobel Peace Prie Winner Desmond Tutu on Robin Sharma,Tuesday,2010-09-28,18:57:13,3601,24,0,1Min 11Sec
558,The Fred Smith Question | Robin Sharma,Monday,2010-09-27,15:43:32,8437,51,3,2Min 54Sec
559,5 Tips On How To Wake Up Early | Robin Sharma,Friday,2010-06-04,19:22:40,1217239,14546,622,4Min 7Sec
560,The Four Creative Forces | Robin Sharma,Thursday,2010-05-27,17:46:30,25633,128,10,3Min 5Sec
561,The Discomfort of Innovation | Robin Sharma,Friday,2010-05-21,16:48:21,10229,63,3,2Min 10Sec
562,Game-Changing Tools to Lead Succeed and Win (Part 1) | Robin Sharma,Friday,2010-04-16,20:53:56,20897,172,3,9Min 9Sec
563,Game-Changing Tools to Lead Succeed and Win (Part 2) | Robin Sharma,Friday,2010-04-16,20:39:28,9014,99,8,6Min 58Sec
564,Game-Changing Tools to Lead Succeed and Win (Part 3) | Robin Sharma,Friday,2010-04-16,20:29:04,8175,92,3,8Min 33Sec
565,How To Create a World Class Day | Robin Sharma,Tuesday,2010-03-30,14:34:36,127267,1830,70,6Min 56Sec
566,The New Level of Treating Customers | Robin Sharma,Monday,2010-03-22,18:36:52,8846,59,3,2Min 25Sec
567,One of the Greatest of All Competitive Advantages | Robin Sharma,Friday,2010-03-12,15:40:48,12642,121,3,7Min 8Sec
568,Peter Drucker's Secret | Robin Sharma,Monday,2010-03-08,15:21:44,22422,240,16,4Min 28Sec
569,What is Leadership | Robin Sharma,Friday,2010-03-05,18:33:13,4825,42,0,42Sec
570,The Power of Focus | Robin Sharma,Friday,2010-02-26,17:49:00,196998,2090,55,4Min 28Sec
571,Amaing Display of Leadership | Robin Sharma,Friday,2010-02-26,16:45:26,3133,31,1,1Min 3Sec
572,The Victim Detox | Robin Sharma,Tuesday,2010-02-23,20:27:31,16472,199,10,2Min 39Sec
573,From Success to Significance | Robin Sharma,Thursday,2010-02-18,14:15:40,8553,62,1,2Min 10Sec
574,The Flawless Delivery of Awesome | Robin Sharma,Tuesday,2010-02-16,14:09:44,14550,75,4,2Min 36Sec
575,Trust Yourself When No One Else Does | Robin Sharma,Thursday,2010-02-11,23:59:01,50901,508,26,4Min 38Sec
576,Authentic versus Plastic | Robin Sharma,Tuesday,2010-02-09,07:03:53,7220,60,5,2Min 8Sec
577,The Leader Who Had No Title | Robin Sharma,Wednesday,2010-01-27,15:29:01,9043,55,6,4Min 48Sec
578,Robin Sharma Interviews NYC Taxi Driver on Leadership,Friday,2009-11-27,07:16:21,12431,144,7,3Min 21Sec
579,Jordan Leadership Tour | Robin Sharma,Wednesday,2009-11-11,15:32:33,4247,19,3,5Min 49Sec
580,5 Strategies to Handle Criticism | Robin Sharma,Monday,2009-11-02,08:01:28,92415,1171,59,4Min 57Sec
581,Leadership in Moscow | Robin Sharma,Wednesday,2009-09-23,14:45:00,6661,24,2,2Min 40Sec
582,Leadership in New ealand | Robin Sharma,Thursday,2009-08-20,14:12:20,4882,21,1,2Min 4Sec
583,The Opportunities of These Uncertain Times | Robin Sharma,Thursday,2009-05-21,23:06:44,12556,54,2,3Min 7Sec
584,Build Your Following | Robin Sharma,Tuesday,2009-05-19,21:38:37,10340,51,1,1Min 48Sec
585,Learning and Singapore | Robin Sharma,Wednesday,2009-05-13,22:28:46,4070,22,1,2Min 21Sec
586,The 6 Rules for Superior Energy and Fitness | Robin Sharma,Monday,2009-05-11,21:39:47,125263,957,40,3Min 37Sec
587,Kenya Leadership Tour | Robin Sharma,Tuesday,2009-03-17,15:31:11,4418,26,1,3Min 32Sec
588,Israel Leadership Tour | Robin Sharma,Wednesday,2009-03-11,16:13:16,5477,33,5,6Min 7Sec
589,Leadership and Mother Teresa | Robin Sharma,Wednesday,2009-03-04,12:57:56,11679,82,5,3Min 7Sec
590,Leadership in Calcutta | Robin Sharma,Monday,2009-03-02,10:46:28,13361,90,5,2Min 20Sec
591,What is Leadership? What makes a great leader? | Robin Sharma,Tuesday,2009-02-03,21:27:34,70703,374,13,5Min 59Sec
592,Leadership in El Salvador | Robin Sharma,Monday,2008-12-15,15:48:37,6513,49,5,9Min 6Sec
593,The Value of Turbulence | Robin Sharma,Friday,2008-11-28,20:15:27,30267,235,9,6Min 32Sec
594,Leadership in Dubai | Robin Sharma,Thursday,2008-11-13,20:40:00,6714,33,1,4Min 10Sec
595,Leadership in Abu Dhabi | Robin Sharma,Friday,2008-10-31,19:39:09,3705,20,0,3Min 51Sec
596,Leadership in Oman | Robin Sharma,Monday,2008-10-27,23:20:02,4876,31,2,7Min 59Sec
597,India Tour | Robin Sharma,Monday,2008-10-27,01:16:43,20168,187,15,8Min 15Sec
598,Balancing Spontaneity and Efficiency | Robin Sharma,Thursday,2008-10-23,21:03:51,13365,61,1,2Min 4Sec
599,LWT Spotting | Robin Sharma,Monday,2008-10-20,11:56:40,21650,169,13,3Min 53Sec
600,Estonia - Part 2/2 | Robin Sharma,Thursday,2008-07-17,16:23:40,1489,13,2,6Min 9Sec
601,Estonia - Part 1/2 | Robin Sharma,Thursday,2008-07-17,16:17:53,5859,20,1,5Min 33Sec
602,Robin Sharma on Leadership,Thursday,2008-07-17,15:48:13,37329,486,24,8Min 33Sec
603,Concentrate to Win | Robin Sharma,Friday,2008-07-04,17:16:57,89614,526,13,1Min 56Sec
604,Face Fear Fast | Robin Sharma,Friday,2008-07-04,17:03:43,133755,589,30,1Min 4Sec
605,Your Highest Freedom | Robin Sharma,Friday,2008-07-04,16:52:49,41846,188,4,1Min 25Sec
606,Personal Development Tools | Robin Sharma,Thursday,2008-07-03,21:01:00,136976,373,31,7Min 44Sec
607,Testimonials | Robin Sharma,Thursday,2008-07-03,20:46:23,11898,75,7,5Min 46Sec
608,Book Pirate - The Monk Who Sold His Ferrari | Robin Sharma,Thursday,2008-07-03,20:28:02,10837,194,13,58Sec
609,The Monk Who Sold his Ferrari Turkish Ad | Robin Sharma,Thursday,2008-07-03,20:12:13,16910,144,7,47Sec
